{
    "prior": {
        "0": 0.8824176667775532,
        "1": 0.11758233322244684
    },
    "likelihood": {
        "job": {
            "0": {
                "housemaid": 0.026757501087114076,
                "services": 0.099898536019713,
                "admin.": 0.2532830845050007,
                "blue-collar": 0.23438179446296564,
                "technician": 0.1632700391361067,
                "retired": 0.03612117698217133,
                "management": 0.07195245687780838,
                "unemployed": 0.02458327293810697,
                "self-employed": 0.03574431076967677,
                "entrepreneur": 0.03716480649369474,
                "student": 0.016843020727641687,
                "__default__": 2.8989708653428032e-05
            },
            "1": {
                "housemaid": 0.02323056882327399,
                "services": 0.07012592270950933,
                "admin.": 0.29765523230568824,
                "blue-collar": 0.13764654798089448,
                "technician": 0.15783760312635692,
                "retired": 0.09379070777247069,
                "management": 0.07077724706904039,
                "unemployed": 0.030829353017802867,
                "self-employed": 0.03256621797655232,
                "entrepreneur": 0.026487190620929222,
                "student": 0.059053408597481545,
                "__default__": 0.00021710811984368216
            }
        },
        "marital": {
            "0": {
                "married": 0.6137965030301273,
                "single": 0.27085568475077565,
                "divorced": 0.11534781221909705,
                "__default__": 2.8996433438687043e-05
            },
            "1": {
                "married": 0.5495867768595041,
                "single": 0.34775989560678555,
                "divorced": 0.10265332753371031,
                "__default__": 0.00021748586341887777
            }
        },
        "education": {
            "0": {
                "basic.4y": 0.10214258792148677,
                "high.school": 0.23304630193383782,
                "basic.6y": 0.05856600272534864,
                "basic.9y": 0.15230060015656258,
                "professional.course": 0.12742454553361746,
                "university.degree": 0.32608506566930506,
                "illiterate": 0.00043489605984169783,
                "__default__": 2.8993070656113188e-05
            },
            "1": {
                "basic.4y": 0.09256844850065189,
                "high.school": 0.22251195132551066,
                "basic.6y": 0.04106910039113429,
                "basic.9y": 0.10147761842677097,
                "professional.course": 0.12863972186006084,
                "university.degree": 0.41264667535853977,
                "illiterate": 0.0010864841373315949,
                "__default__": 0.000217296827466319
            }
        },
        "default": {
            "0": {
                "0": 0.9998840109029751,
                "1": 0.00011598909702487966,
                "__default__": 2.8997274256219914e-05
            },
            "1": {
                "0": 0.999782466826191,
                "1": 0.00021753317380900588,
                "__default__": 0.00021753317380900588
            }
        },
        "housing": {
            "0": {
                "0": 0.4564170967929015,
                "1": 0.5435829032070986,
                "__default__": 2.8997274256219914e-05
            },
            "1": {
                "0": 0.43767674570371984,
                "1": 0.5623232542962802,
                "__default__": 0.00021753317380900588
            }
        },
        "loan": {
            "0": {
                "0": 0.8409499507046337,
                "1": 0.15905004929536623,
                "__default__": 2.8997274256219914e-05
            },
            "1": {
                "0": 0.851424842288449,
                "1": 0.148575157711551,
                "__default__": 0.00021753317380900588
            }
        },
        "contact": {
            "0": {
                "telephone": 0.4001043901873224,
                "cellular": 0.5998956098126776,
                "__default__": 2.8997274256219914e-05
            },
            "1": {
                "telephone": 0.17141614096149663,
                "cellular": 0.8285838590385034,
                "__default__": 0.00021753317380900588
            }
        },
        "month": {
            "0": {
                "may": 0.356061923812837,
                "jun": 0.13529889256102512,
                "jul": 0.17394329448599757,
                "aug": 0.14515567924856496,
                "oct": 0.01145126688699484,
                "nov": 0.10080013915463559,
                "dec": 0.002725111613613962,
                "mar": 0.007624514408302893,
                "apr": 0.05795210761291819,
                "sep": 0.008987070215109874,
                "__default__": 2.8990549080999593e-05
            },
            "1": {
                "may": 0.19174809989142236,
                "jun": 0.12052117263843648,
                "jul": 0.14028230184581977,
                "aug": 0.14136807817589578,
                "oct": 0.06796959826275788,
                "nov": 0.08925081433224756,
                "dec": 0.019326818675352877,
                "mar": 0.05841476655808903,
                "apr": 0.11552660152008687,
                "sep": 0.055591748099891425,
                "__default__": 0.00021715526601520088
            }
        },
        "day_of_week": {
            "0": {
                "mon": 0.21111078894720056,
                "tue": 0.19365594827336252,
                "wed": 0.19661341297225202,
                "thu": 0.20539882281307084,
                "fri": 0.19322102699411406,
                "__default__": 2.8994751949897067e-05
            },
            "1": {
                "mon": 0.1832608695652174,
                "tue": 0.20543478260869566,
                "wed": 0.20304347826086958,
                "thu": 0.22543478260869565,
                "fri": 0.18282608695652175,
                "__default__": 0.0002173913043478261
            }
        },
        "poutcome": {
            "0": {
                "nonexistent": 0.8827384231739496,
                "failure": 0.1033722852089193,
                "success": 0.013889291617131093,
                "__default__": 2.8996433438687043e-05
            },
            "1": {
                "nonexistent": 0.6739886907351023,
                "failure": 0.13136146150500216,
                "success": 0.1946498477598956,
                "__default__": 0.00021748586341887777
            }
        },
        "faixa_etaria": {
            "0": {
                "51_65": 0.16086288381802893,
                "36_50": 0.43947345530458987,
                "ate_25": 0.03644640320102061,
                "26_35": 0.35390994230044365,
                "acima_65": 0.009307315375916959,
                "__default__": 2.8994751949897067e-05
            },
            "1": {
                "51_65": 0.17152173913043478,
                "36_50": 0.31782608695652176,
                "ate_25": 0.075,
                "26_35": 0.3734782608695652,
                "acima_65": 0.06217391304347826,
                "__default__": 0.0002173913043478261
            }
        },
        "faixa_campaign": {
            "0": {
                "1": 0.40271978659243796,
                "2a3": 0.39373115286476457,
                "4a6": 0.1372941312920436,
                "mais_6": 0.06625492925075388,
                "__default__": 2.8995592669914172e-05
            },
            "1": {
                "1": 0.4931506849315068,
                "2a3": 0.385736029571646,
                "4a6": 0.09676016525331593,
                "mais_6": 0.0243531202435312,
                "__default__": 0.00021743857360295715
            }
        },
        "contatado_antes": {
            "0": {
                "0": 0.9841094937075915,
                "1": 0.015890506292408513,